,name,online_order,rest_type,cuisines
0,Jalsa,Yes,Casual Dining,"North Indian, Mughlai, Chinese"
1,Spice Elephant,Yes,Casual Dining,"Chinese, North Indian, Thai"
4,Grand Village,No,Casual Dining,"North Indian, Rajasthani"
5,Timepass Dinner,Yes,Casual Dining,North Indian
37,Szechuan Dragon,Yes,Casual Dining,"Chinese, Thai, Momos"
38,Empire Restaurant,Yes,Casual Dining,"North Indian, Mughlai, South Indian, Chinese"
47,Recipe,Yes,Casual Dining,"North Indian, Chinese, Biryani, Rolls"
48,Beijing Bites,Yes,Casual Dining,"Chinese, Thai"
53,Biryanis And More,Yes,Casual Dining,"Biryani, North Indian, Chinese, Andhra, South Indian"
57,Wamama,Yes,Casual Dining,"Asian, Korean, Indonesian, Japanese, Chinese, Thai, Momos"
60,Peppy Peppers,No,Casual Dining,"Italian, North Indian, Mexican"
61,Goa 0 Km,Yes,Casual Dining,"Goan, Seafood, North Indian, Chinese, Biryani"
63,1947,No,Casual Dining,"North Indian, Chinese"
86,Meghana Foods,Yes,Casual Dining,"Biryani, North Indian, Chinese"
94,Nandhini Deluxe,No,Casual Dining,North Indian
145,Anna Kuteera,Yes,Casual Dining,"South Indian, North Indian, Chinese"
148,Sri Udupi Food Hub,Yes,Casual Dining,"South Indian, North Indian, Chinese, Beverages"
150,House Of Kebabs,Yes,Casual Dining,"North Indian, Kebab, Biryani, Chinese"
156,Imperial Restaurant,Yes,Casual Dining,"North Indian, Chinese, Biryani, Beverages"
162,Canton,Yes,Casual Dining,"Chinese, Seafood, Biryani"
166,Patio 805,Yes,Casual Dining,"Thai, Vietnamese, Asian, Chinese"
182,@Italy,Yes,Casual Dining,Italian
194,Gokul Veg,Yes,Casual Dining,"North Indian, Chinese, Beverages"
195,Olive - Era,Yes,Casual Dining,"BBQ, Arabian, Rolls, Chinese, North Indian, Juices, Kebab, Desserts"
200,Pizza Hut,Yes,Casual Dining,"Pizza, Fast Food"
201,Mangalore Pearl,Yes,Casual Dining,"Mangalorean, Seafood, Chinese, Biryani"
206,Dal Tadkaa,Yes,Casual Dining,North Indian
207,Chutney Chang,Yes,Casual Dining,"North Indian, Chinese, BBQ"
209,Thamboola,Yes,Casual Dining,"North Indian, Chinese, Continental"
210,Castle Rock,Yes,Casual Dining,"North Indian, Chinese"
211,Vietnamese Kitchen,Yes,Casual Dining,Vietnamese
217,Toscano,Yes,Casual Dining,"Italian, Salad"
220,Central Jail Restaurant,Yes,Casual Dining,"Andhra, Seafood, North Indian, Chinese"
221,Bella,Yes,Casual Dining,"Mangalorean, Seafood, South Indian"
223,New Prashanth Hotel,Yes,Casual Dining,"South Indian, Biryani, Chinese, North Indian"
235,RS Shiv Sagar,No,Casual Dining,"North Indian, Chinese, South Indian, Fast Food, Juices"
248,Ugadi,Yes,Casual Dining,"North Indian, Chinese, Biryani, Andhra, Mangalorean"
255,A2B - Adyar Ananda Bhavan,Yes,Casual Dining,"South Indian, North Indian, Chinese, Street Food"
258,Green Gardenia,Yes,Casual Dining,"North Indian, Chinese"
259,J Spice,Yes,Casual Dining,"North Indian, Chinese"
264,Upahara Darshini,Yes,Casual Dining,"North Indian, Chinese, South Indian, Fast Food"
271,Samskruti - Sanman Gardenia,Yes,Casual Dining,"North Indian, Chinese, South Indian"
277,Dwaraka Grand,Yes,Casual Dining,"South Indian, Chinese, Street Food, Juices"
278,Gufha - The President Hotel,Yes,Casual Dining,"North Indian, Afghani, Mughlai"
285,Chung Wah,Yes,Casual Dining,"Chinese, Thai, Momos"
290,Prems Graama Bhojanam,Yes,Casual Dining,South Indian
296,Rustic Stove,Yes,Casual Dining,"North Indian, South Indian, Biryani, Beverages"
298,De Thaali,Yes,Casual Dining,"North Indian, Chinese, Rolls"
303,Sea Spice by 7 Star,Yes,Casual Dining,"Seafood, Biryani, Beverages, South Indian, North Indian, Kebab"
309,South Grand,Yes,Casual Dining,"South Indian, North Indian, Chinese, Beverages"
3,Addhuri Udupi Bhojana,No,Quick Bites,"South Indian, North Indian"
31,Foodiction,Yes,Quick Bites,"North Indian, Fast Food, Chinese, Burger"
34,Faasos,Yes,Quick Bites,"North Indian, Biryani, Fast Food"
40,Chaatimes,Yes,Quick Bites,"Street Food, Fast Food"
42,McDonald's,Yes,Quick Bites,"Burger, Fast Food"
43,Domino's Pizza,Yes,Quick Bites,"Pizza, Fast Food"
46,Kitchen Garden,Yes,Quick Bites,"North Indian, Chinese"
49,Tasty Bytes,Yes,Quick Bites,"North Indian, Chinese, Momos, Rolls"
54,Roving Feast,No,Quick Bites,"Italian, Continental, Fast Food, Chinese, Momos"
65,Kabab Magic,Yes,Quick Bites,"North Indian, Kebab, Chinese, Fast Food"
71,The Biryani Cafe,No,Quick Bites,"Biryani, Chinese, Kebab"
74,Rolls On Wheels,No,Quick Bites,"Fast Food, Rolls, Momos"
76,Sri Guru Kottureshwara Davangere Benne Dosa,Yes,Quick Bites,South Indian
79,Upahar Sagar,No,Quick Bites,"South Indian, Chinese, North Indian"
98,Chatar Patar,No,Quick Bites,"Fast Food, Street Food"
100,Kidambi's Kitchen,No,Quick Bites,South Indian
101,Mane Thindi,No,Quick Bites,South Indian
120,Bengaluru Coffee House,Yes,Quick Bites,"South Indian, North Indian, Chinese, Street Food"
151,Roll N Rock,Yes,Quick Bites,"Chinese, North Indian, Mughlai, Rolls"
153,KFC,Yes,Quick Bites,"Burger, Fast Food"
159,Wahab,Yes,Quick Bites,"North Indian, Mughlai, Chinese"
168,Sagar Deluxe,Yes,Quick Bites,"South Indian, North Indian, Chinese, Juices"
174,Energy Addaa,Yes,Quick Bites,"Salad, Healthy Food, Sandwich, Juices, Burger, Desserts, Pizza"
176,Tandoori Knight,Yes,Quick Bites,"North Indian, Chinese, Biryani, Kebab"
177,Dev Sagar - Food Street,Yes,Quick Bites,Street Food
178,Mitraa Da Pizza,Yes,Quick Bites,"Fast Food, Pizza"
186,Donne Biriyani House,Yes,Quick Bites,"South Indian, North Indian, Chinese, Biryani"
188,Kedia's Fun Food,Yes,Quick Bites,"North Indian, Street Food, Juices"
190,Just Shawarma,Yes,Quick Bites,Arabian
191,Mini Punjabi Dhaba,Yes,Quick Bites,North Indian
198,Gama Gama,Yes,Quick Bites,South Indian
203,Twiststick House,Yes,Quick Bites,"Continental, Fast Food, Street Food, Momos"
204,Cool Corner,Yes,Quick Bites,"Street Food, Fast Food"
205,Pizza Mane,Yes,Quick Bites,"Pizza, Sandwich, Burger, Fast Food"
208,Mystique Palate,Yes,Quick Bites,"Chinese, Fast Food"
227,Tiwari's,Yes,Quick Bites,"North Indian, Street Food"
228,Pizza Stop,Yes,Quick Bites,"Pizza, Italian"
229,Biggies Burger 'n' More,Yes,Quick Bites,"Cafe, Burger, Beverages"
231,Kollapuri's,No,Quick Bites,"South Indian, Mangalorean"
237,Harshi Super Sandwich,No,Quick Bites,"Fast Food, Street Food"
251,Subway,Yes,Quick Bites,"Salad, Fast Food"
253,The Lassi Park,Yes,Quick Bites,"Juices, Desserts"
256,Srikrishna Bhavan,Yes,Quick Bites,"South Indian, North Indian, Chinese"
262,Hatti Kaapi,Yes,Quick Bites,"South Indian, Beverages"
265,The Chaat Shop,Yes,Quick Bites,Fast Food
274,Chumma Delicious,Yes,Quick Bites,"South Indian, Fast Food"
284,South Kitchen,Yes,Quick Bites,South Indian
292,Kamat Bugle Rock,Yes,Quick Bites,"South Indian, Fast Food"
294,Puliyogare Point,Yes,Quick Bites,South Indian
295,Bangalore Agarwal Bhavan,Yes,Quick Bites,"Street Food, North Indian, South Indian"
8,Penthouse Cafe,Yes,Cafe,"Cafe, Italian, Continental"
9,Smacznego,Yes,Cafe,"Cafe, Mexican, Italian, Momos, Beverages"
10,CafÃÂÃÂÃÂÃÂÃÂÃÂÃÂÃÂ© Down The Alley,Yes,Cafe,Cafe
11,Cafe Shuffle,Yes,Cafe,"Cafe, Italian, Continental"
12,The Coffee Shack,Yes,Cafe,"Cafe, Chinese, Continental, Italian"
13,Caf-Eleven,No,Cafe,"Cafe, Continental"
15,Cafe Vivacity,Yes,Cafe,Cafe
16,Catch-up-ino,Yes,Cafe,"Cafe, Fast Food, Continental, Chinese, Momos"
17,Kirthi's Biryani,Yes,Cafe,"Chinese, Cafe, Italian"
18,T3H Cafe,No,Cafe,"Cafe, Italian, American"
20,The Vintage Cafe,Yes,Cafe,"Cafe, French, North Indian"
21,Woodee Pizza,Yes,Cafe,"Cafe, Pizza, Fast Food, Beverages"
30,Redberrys,Yes,Cafe,"Cafe, Italian"
164,The Blue Wagon - Kitchen,Yes,Cafe,"Cafe, Beverages"
180,Grazers,Yes,Cafe,"Cafe, Burger, Continental, Italian, Desserts"
291,Java City,Yes,Cafe,"Cafe, American, Pizza"
305,Cafe Aira,Yes,Cafe,"Cafe, Continental, Beverages, Desserts"
323,Cross Road Cafe,Yes,Cafe,"Cafe, Fast Food, Chinese"
330,Bakers Town,Yes,Cafe,"Cafe, Continental, Fast Food"
334,The Airos,Yes,Cafe,"Cafe, Italian, Pizza"
346,Little Cafe,Yes,Cafe,"Cafe, Beverages"
350,1980s Games Cafe,Yes,Cafe,"Cafe, Fast Food"
403,Cafe Mondo,Yes,Cafe,"Cafe, Italian, Beverages"
473,Steaming Mugs,Yes,Cafe,Cafe
482,Cafe Ajfan,Yes,Cafe,"Cafe, Continental, Beverages"
881,Cafe Kabana,No,Cafe,"Cafe, Continental"
882,Butterly,Yes,Cafe,"Cafe, Bakery, Beverages"
884,Black Mug Cafe,Yes,Cafe,Cafe
885,#refuel,Yes,Cafe,"Cafe, Beverages"
887,Vaho Kafe & Pressery,No,Cafe,"Cafe, Healthy Food, Asian, Italian, North Indian, Biryani, Juices"
888,Dreamcatcher,Yes,Cafe,Cafe
893,Kalmane Koffees,No,Cafe,Cafe
902,Slate Cafe,Yes,Cafe,"Cafe, Sandwich, Burger"
903,Dialogues,No,Cafe,"Cafe, Continental"
905,Mudpipe Cafe,Yes,Cafe,"Cafe, Continental, North Indian"
907,TAB - Take A Break,No,Cafe,"Cafe, Continental, Italian"
910,Cafe Potpourri,Yes,Cafe,"Cafe, Sandwich, North Indian, Beverages, Desserts"
912,Vinaya Coffee Moments,Yes,Cafe,"Burger, Cafe, Desserts, Sandwich, Italian"
915,Cuppa,No,Cafe,"Cafe, Fast Food"
919,Skytouch Le Cafe,Yes,Cafe,"Cafe, Italian, Desserts"
952,Kullad Cafe,Yes,Cafe,"North Indian, Cafe, Fast Food, Beverages"
1041,PHEW (Play Hard Eat Wild),Yes,Cafe,"Continental, Lebanese, Middle Eastern, North Indian, Chinese, BBQ, Cafe"
1160,Pancuzzi,Yes,Cafe,"Cafe, Beverages, Desserts"
1379,On The Nose,Yes,Cafe,"Cafe, Italian, Mexican, Chinese"
1410,Ruh's Cafe,Yes,Cafe,"Cafe, American, Italian, Continental, Chinese"
1456,Willys Top Cafe,Yes,Cafe,"Cafe, Continental, Asian"
1517,Brewz Coffee,Yes,Cafe,Cafe
1815,Cafe Mist,Yes,Cafe,"Cafe, American, Continental, Italian"
2496,Cafe Cosy,No,Cafe,"Cafe, Chinese, Continental, Fast Food"
2506,Alchemy Coffee Roasters,No,Cafe,Cafe
52,Corner House Ice Cream,No,Dessert Parlor,"Ice Cream, Desserts"
99,Polar Bear,Yes,Dessert Parlor,"Ice Cream, Desserts, Beverages, Sandwich"
155,Roll Over,Yes,Dessert Parlor,"Desserts, Ice Cream, Beverages, Fast Food, Sandwich"
185,Old Mumbai Ice Cream,Yes,Dessert Parlor,Ice Cream
219,Stoned Monkey,Yes,Dessert Parlor,"Desserts, Ice Cream"
317,Chocoberry,Yes,Dessert Parlor,"Ice Cream, Desserts, Beverages"
322,Waffle-A-Go Go,Yes,Dessert Parlor,"Fast Food, Desserts, Ice Cream"
933,XO Belgian Waffle,Yes,Dessert Parlor,"Desserts, Beverages"
957,Cakebuy,Yes,Dessert Parlor,Desserts
1062,Cold Stone Creamery,Yes,Dessert Parlor,"Ice Cream, Desserts"
1224,Rock Stone Ice Cream Factory,Yes,Dessert Parlor,Ice Cream
1273,Waffle Stories,Yes,Dessert Parlor,"Desserts, Beverages"
1326,Asha Sweets Centre,Yes,Dessert Parlor,Fast Food
1345,World of Waffles,Yes,Dessert Parlor,Desserts
1395,Natural Ice Cream,No,Dessert Parlor,"Ice Cream, Desserts"
1430,Berrylicious,Yes,Dessert Parlor,"Ice Cream, Desserts, Bakery"
1654,Apsara Ice Cream,No,Dessert Parlor,"Ice Cream, Desserts"
1671,Kulfi & More,Yes,Dessert Parlor,"Ice Cream, Desserts, Juices"
1708,Baskin Robbins,No,Dessert Parlor,Ice Cream
1915,Cream Stone,No,Dessert Parlor,"Desserts, Beverages"
1922,Calvin's,No,Dessert Parlor,"Desserts, Italian, Pizza"
2578,Krispy Kreme,Yes,Dessert Parlor,"Desserts, Beverages"
2661,Cakewala,Yes,Dessert Parlor,"Bakery, Desserts"
2662,The Belgian Waffle Co.,Yes,Dessert Parlor,"Desserts, Beverages"
2732,Ice Cream Works,Yes,Dessert Parlor,"Desserts, Ice Cream"
2751,Bubblewrap Waffle Co.,Yes,Dessert Parlor,"Desserts, Beverages"
2767,Ibaco,Yes,Dessert Parlor,Desserts
2836,Pop Hop,Yes,Dessert Parlor,"Ice Cream, Desserts"
2904,Ice Land,Yes,Dessert Parlor,"Ice Cream, Desserts"
3084,Mishra's Pedha Big Foods,No,Dessert Parlor,"Desserts, Mithai"
3111,Divina - Eden Park Restaurants,No,Dessert Parlor,Desserts
3184,Amma's Pastries,No,Dessert Parlor,Bakery
3223,Milano Ice Cream,No,Dessert Parlor,"Ice Cream, Desserts"
4074,Smoor,Yes,Dessert Parlor,"Desserts, Beverages"
4123,Pabrai's Fresh & Naturelle Icecreams,Yes,Dessert Parlor,"Ice Cream, Desserts"
4269,Kawaii,Yes,Dessert Parlor,"Desserts, Ice Cream"
4370,Cupcake Noggins,No,Dessert Parlor,"Desserts, Bakery"
4391,Butter Side Up,Yes,Dessert Parlor,"Desserts, Bakery"
4397,Mumbai Kulfi,Yes,Dessert Parlor,Ice Cream
4538,Hokey Pokey Ice Creams,No,Dessert Parlor,"Ice Cream, Desserts"
5153,Belgian Waffle Factory,Yes,Dessert Parlor,Desserts
5209,The Waffle Press,Yes,Dessert Parlor,"Desserts, Ice Cream"
5228,Cream Chemistry,Yes,Dessert Parlor,"Ice Cream, Desserts"
5278,Sweet Chariot,Yes,Dessert Parlor,"Bakery, Fast Food"
5292,99 Pancakes,Yes,Dessert Parlor,"Desserts, Ice Cream"
5336,Chocolate D'Luxe,Yes,Dessert Parlor,Desserts
5390,ZOROY Luxury Chocolate,Yes,Dessert Parlor,Desserts
5407,Brownie Heaven,Yes,Dessert Parlor,"Desserts, Fast Food"
5463,Gelato Italiano,Yes,Dessert Parlor,"Ice Cream, Bakery, Desserts"
5469,Troll,Yes,Dessert Parlor,"Desserts, Ice Cream"
397,Eurasia Pasta and Barbeque by Little Italy,Yes,"Casual Dining, Bar","Italian, Fast Food, Salad, BBQ"
471,Andhra Ruchulu,Yes,"Casual Dining, Bar","Andhra, Biryani, North Indian, Chinese"
1135,BANGALORE BOX,Yes,"Casual Dining, Bar","Asian, Continental, Finger Food"
1143,Chavadi,Yes,"Casual Dining, Bar","Continental, North Indian, Pizza, Italian"
1213,The Coastal Crew by Fujian on 24th,Yes,"Casual Dining, Bar","Chinese, Thai, Seafood, North Indian, Momos"
1249,Crumb Together,Yes,"Casual Dining, Bar","Continental, Finger Food, North Indian, Chinese"
1372,Nandhana Palace,No,"Casual Dining, Bar","Andhra, Biryani, North Indian, Chinese"
1502,Casa Piccosa,Yes,"Casual Dining, Bar","South American, Continental, Italian"
2241,Hakuna Matata,No,"Casual Dining, Bar","North Indian, Asian, Seafood, Chinese"
2296,Coconut Grove,No,"Casual Dining, Bar","South Indian, Chettinad, Kerala, Seafood"
3449,Once Upon a Rooftop,No,"Casual Dining, Bar","Pizza, Italian, Chinese, Thai"
3747,The Fisherman's Wharf,Yes,"Casual Dining, Bar","Seafood, Goan, North Indian, Continental, Asian"
3755,Punjabi Times,Yes,"Casual Dining, Bar",North Indian
3762,The Black Pearl,No,"Casual Dining, Bar","North Indian, European, Mediterranean, BBQ"
3925,Chili's American Grill & Bar,Yes,"Casual Dining, Bar","American, Tex-Mex, Burger, BBQ"
3945,Dhaba Estd 1986 Delhi,Yes,"Casual Dining, Bar",North Indian
3973,Float,Yes,"Casual Dining, Bar","North Indian, Japanese"
3999,Napoli Italian Bistro,Yes,"Casual Dining, Bar","Italian, Mexican, Continental, Pizza"
4087,Baithak,Yes,"Casual Dining, Bar","Continental, North Indian, Mughlai"
4236,Mishmash,Yes,"Casual Dining, Bar","Mediterranean, Continental, North Indian, Mughlai, Salad"
4585,BG's Poolside Bar & Grill,No,"Casual Dining, Bar","Mediterranean, Italian, Mexican"
4984,Oh! Calcutta,Yes,"Casual Dining, Bar","Bengali, Seafood"
4986,Mainland China,Yes,"Casual Dining, Bar","Chinese, Momos"
4994,The Spice Bazaar,No,"Casual Dining, Bar","North Indian, Mughlai"
4999,Puran da Dhaba - The Pride Hotel,Yes,"Casual Dining, Bar",North Indian
5003,Tiger Trail - Ramada Hotel,Yes,"Casual Dining, Bar","North Indian, Lucknowi"
5009,South Parade - The Chancery Hotel,No,"Casual Dining, Bar","North Indian, Continental, Chinese"
5284,Desi Deck,Yes,"Casual Dining, Bar","Mughlai, North Indian, Desserts"
5320,Carnival de Goa,Yes,"Casual Dining, Bar","Goan, Mangalorean, Pizza"
5325,The Open Box,Yes,"Casual Dining, Bar","European, North Indian, Mediterranean, Asian, Salad"
5346,20 Feet High,Yes,"Casual Dining, Bar","American, Continental, Steak, Salad"
5379,EatWater,Yes,"Casual Dining, Bar",North Eastern
5412,The Grill House,Yes,"Casual Dining, Bar","American, Mexican, Italian, Steak"
5495,MISU,Yes,"Casual Dining, Bar","Asian, Japanese, Korean, Indonesian, Malaysian, Singaporean"
5499,The Rice Bowl,Yes,"Casual Dining, Bar","Chinese, Momos"
5590,Sunny's,No,"Casual Dining, Bar","European, Italian, Seafood, Continental"
5598,Nandhini Paradise,No,"Casual Dining, Bar","Andhra, Chinese, North Indian"
5638,Fava,No,"Casual Dining, Bar","Healthy Food, Mediterranean, Desserts, Italian, Pizza, Salad, Kebab"
5946,The Permit Room,No,"Casual Dining, Bar",South Indian
6054,Hard Rock Cafe,No,"Casual Dining, Bar","American, BBQ"
6079,1Q1,No,"Casual Dining, Bar","Asian, Japanese, Thai, Malaysian, Vietnamese, Korean, Chinese"
6097,Tree Tops Bar & Kitchen,No,"Casual Dining, Bar","North Indian, Chinese, Continental, Italian"
6182,Matsuri - The Chancery Hotel,No,"Casual Dining, Bar",Japanese
6195,Fort Kochi,No,"Casual Dining, Bar","Kerala, Seafood"
6246,Atomic Lab,No,"Casual Dining, Bar","Asian, North Indian, Continental"
6270,Mighty Small,No,"Casual Dining, Bar","Continental, Chinese"
6271,White Plate,No,"Casual Dining, Bar","Thai, Continental, North Indian"
6306,Unicorn Bar & Restaurant,No,"Casual Dining, Bar","Seafood, North Indian, Chinese"
6744,Zaica Dine & Wine,Yes,"Casual Dining, Bar",North Indian
6747,Ji Hazoor,Yes,"Casual Dining, Bar","Mughlai, North Indian, Biryani, Afghan"
33,Ovenstory Pizza,Yes,Delivery,Pizza
35,Behrouz Biryani,Yes,Delivery,Biryani
45,Hotboxit,No,Delivery,"North Indian, Continental, Italian"
55,FreshMenu,Yes,Delivery,"Healthy Food, Chinese, Biryani, North Indian, Continental, Salad, American, Burger"
282,Mojo Pizza - 2X Toppings,Yes,Delivery,Pizza
314,Firangi Bake,Yes,Delivery,"Mexican, Italian"
937,Aniram's,Yes,Delivery,"Chinese, North Indian"
1058,Faasos,Yes,Delivery,"North Indian, Biryani, Fast Food"
1060,Mealer.in,Yes,Delivery,"North Indian, Biryani"
1093,Biryani Miya,Yes,Delivery,"Biryani, North Indian"
1107,Basmati Delights,Yes,Delivery,"Biryani, Chinese, Mughlai, Fast Food, Kebab"
1113,Matka,Yes,Delivery,"Biryani, North Indian"
1133,Calorie Express,Yes,Delivery,Healthy Food
1145,Cucumber Town,Yes,Delivery,"Kerala, North Indian"
1181,Rithika's Kitchen,Yes,Delivery,"Biryani, South Indian, Andhra"
1214,BIB - Breakfast in the Box,Yes,Delivery,"American, Sandwich"
1444,Dream a Dozen,Yes,Delivery,"Bakery, Desserts"
1446,Nite Out,Yes,Delivery,"North Indian, Chinese, Biryani"
1532,Mast Kalandar,No,Delivery,North Indian
1728,Owl's Kitchen,No,Delivery,"North Indian, Chinese"
1862,Sweet Truth,Yes,Delivery,"Bakery, Desserts"
3811,The Paratha Company,Yes,Delivery,North Indian
3812,nu.tree,Yes,Delivery,"North Indian, Healthy Food, Beverages"
3854,Shudh,Yes,Delivery,North Indian
3860,Potful,Yes,Delivery,"Biryani, Kebab, Rolls, Mughlai"
3864,DinePost9,Yes,Delivery,"North Indian, South Indian, Chinese, Continental"
3872,Maa Bhook Lagi,Yes,Delivery,North Indian
3891,Kya Khaoge,Yes,Delivery,"North Indian, Chinese"
3895,The Nosh House,Yes,Delivery,"American, Italian, Bakery, Desserts, Sandwich, Beverages, Salad, Rolls"
3916,Andhra Bhojanam,Yes,Delivery,Andhra
3956,Healthie,Yes,Delivery,"Healthy Food, Beverages"
3979,InnerChef,Yes,Delivery,"North Indian, Continental"
3985,Crunch Pizzas - Express Delivery,Yes,Delivery,Pizza
4083,Le Gateau - The Cake Shop,Yes,Delivery,"Desserts, Bakery"
4095,Fusion Tadka,Yes,Delivery,"North Indian, Chinese"
4099,NH-1,Yes,Delivery,North Indian
4270,B.M.W - Bhookh Mitaane Wala,Yes,Delivery,"North Indian, South Indian, Chinese"
4276,Lovely Knights,Yes,Delivery,"North Indian, Chinese"
4301,Bonfooder,Yes,Delivery,North Indian
4320,Eatsomnia,Yes,Delivery,"North Indian, South Indian, Chinese, Continental"
4350,Parathabox,No,Delivery,"Fast Food, North Indian"
4353,La-Pizza,Yes,Delivery,"Italian, Pizza, Burger"
5131,Warm Oven,Yes,Delivery,"Bakery, Desserts"
5183,Biryani Trip,Yes,Delivery,Biryani
5329,Foreign CafÃÂÃÂÃÂÃÂÃÂÃÂÃÂÃÂ©,Yes,Delivery,Continental
5363,Crunch Pizzas,Yes,Delivery,"Italian, Pizza"
5488,Deshi Fusion Pizza,Yes,Delivery,"Pizza, Chinese, Rolls"
5565,The Food Dude,Yes,Delivery,"Fast Food, Burger, Sandwich, Pizza"
5576,Kick Out the Jams,Yes,Delivery,"Burger, American, Italian"
5586,Midnight Hunger Solutions 24/7,Yes,Delivery,"North Indian, Mughlai, Chinese"
95,Vi Ra's Bar and Restaurant,No,Bar,"South Indian, North Indian, Chinese"
146,Darbar,No,Bar,"North Indian, Chinese"
2249,55 Wall Street,No,Bar,"Finger Food, North Indian, Chinese"
2818,Mockaholic Restro Beer Cafe,Yes,Bar,"North Indian, Chinese, Pizza, BBQ"
3310,Beetle Juice Bar - Springs Hotel & Spa,No,Bar,Finger Food
3753,Sharaab Factory,Yes,Bar,"Biryani, North Indian"
5575,Retro Lounge Bar,No,Bar,"North Indian, Chinese"
6160,Chin Lung Resto Bar,No,Bar,"North Indian, Chinese, Fast Food"
6170,Fuel Resto Bar,No,Bar,"Finger Food, Mediterranean, North Indian"
6205,Scottish Pub,No,Bar,Finger Food
6242,Strikers Sports Bar and Music,No,Bar,"Continental, North Indian, Chinese"
7915,Pablo's Gastrobar,No,Bar,"Finger Food, American, Asian, Italian"
9110,Pecos Hideout,No,Bar,Finger Food
9374,Fill N Chill Resto Bar & Pub,Yes,Bar,"Finger Food, North Indian, Chinese"
9422,Crawl Street,Yes,Bar,"Continental, Finger Food, North Indian, Chinese"
9769,Banana Beach Bar,Yes,Bar,"Continental, Chinese"
9935,House Of Commons,No,Bar,"Continental, Asian, North Indian"
10954,Sathya's,No,Bar,"North Indian, Chinese"
11074,Fandom at Gilly's Redefined,No,Bar,Finger Food
11151,Barcode,No,Bar,"South Indian, North Indian"
13670,Cedar Bar & Dive - Hotel Presidency,Yes,Bar,"North Indian, Thai, Chinese, Continental"
14057,Queens,No,Bar,"North Indian, Continental, British"
14087,The Chameleon,No,Bar,Finger Food
14119,Aura - Radha Regent,No,Bar,"Continental, American, South Indian, Italian, North Indian, Chinese"
14135,Z-Bar,No,Bar,"Finger Food, North Indian"
15799,The Hub - Ibis Hotel,No,Bar,"Finger Food, Fast Food"
18719,Wall Street 657,No,Bar,"Finger Food, Continental"
18728,Agent Jack's Bar,No,Bar,"Continental, North Indian, Italian"
18742,Elongo's,No,Bar,"Finger Food, South Indian, Continental"
18770,Jimi's Beer Cafe,No,Bar,"American, North Indian, Chinese"
19016,Quench Bar,No,Bar,"Seafood, Mexican, Continental, Finger Food"
19122,CloudNYN - Sterling Mac Hotel,No,Bar,Finger Food
19311,Jeff's - Royal Orchid Hotel,No,Bar,"Chinese, Continental"
24029,One For The Road,Yes,Bar,"Continental, North Indian, Finger Food"
24557,Bottoms Up Resto Bar,Yes,Bar,"Finger Food, Italian, Continental"
25035,The Sky Lounge - Tamarind Hospitality,No,Bar,"North Indian, South Indian, Chinese, Continental"
26204,Knowhere,No,Bar,"Continental, Finger Food"
28422,The Old Fashioned Bar,No,Bar,"Finger Food, North Indian, Continental"
28951,KLINX - Hilton Bangalore Embassy GolfLinks,No,Bar,"European, Asian"
37167,Head's Or Tail's,No,Bar,"Finger Food, North Indian, Chinese"
38037,Le Rock,Yes,Bar,"Continental, Chinese"
40133,White Horse,No,Bar,"Finger Food, Chinese, North Indian"
40285,Dublin - ITC Windsor,No,Bar,European
40670,Xtreme Sports Bar,No,Bar,"Continental, North Indian, Chinese, Lebanese"
41538,BiereKraft,No,Bar,"Continental, North Indian, Asian"
41614,Chiller's Nation - Iris Inn,No,Bar,"North Indian, Continental, Italian"
44232,Black Jack,No,Bar,"North Indian, Chinese"
51607,Chime - Sheraton Grand Bengaluru Whitefield Hotel &...,No,Bar,Finger Food
2245,Three Dots & A Dash,No,"Bar, Casual Dining","European, Continental"
3750,Tipsy Bull - The Bar Exchange,Yes,"Bar, Casual Dining","North Indian, Chinese, Continental, Mexican"
3768,Opus Food Stories,No,"Bar, Casual Dining","Goan, Asian, North Indian, European, Continental"
3906,Sarjapur Social,Yes,"Bar, Casual Dining","American, North Indian, Chinese, Finger Food"
5201,Laughing Llama Gastropub,Yes,"Bar, Casual Dining","Finger Food, Continental, Pizza"
5326,Double Decker,No,"Bar, Casual Dining","Continental, North Indian"
5441,Ging - Royal Orchid Central,Yes,"Bar, Casual Dining",Asian
5498,RockSalt,Yes,"Bar, Casual Dining",Modern Indian
5547,BabaYaga's,Yes,"Bar, Casual Dining","American, Finger Food"
5642,ThrowBack - Pub & Dine,No,"Bar, Casual Dining","Italian, North Indian, Continental"
5643,Shaken & Stirred,Yes,"Bar, Casual Dining","Continental, North Indian, Chinese"
6091,Sotally Tober,No,"Bar, Casual Dining","Asian, Burger, Chinese, Finger Food"
6111,Easy Tiger,No,"Bar, Casual Dining","Finger Food, Continental"
6113,Capri Gastrobar,No,"Bar, Casual Dining","Mediterranean, Italian, Asian"
7026,Sidewalk - The Garden Bar,Yes,"Bar, Casual Dining","North Indian, Continental, Chinese, Thai"
7426,Izakaya Gastro Pub,Yes,"Bar, Casual Dining","North Indian, Continental, Mediterranean"
7912,Amber Rush by The Pool,No,"Bar, Casual Dining","North Indian, Chinese, Continental"
10873,The Reservoire,No,"Bar, Casual Dining","Continental, North Indian, Chinese, American, Pizza, Finger Food"
10877,Fenny's Lounge And Kitchen,No,"Bar, Casual Dining","Mediterranean, Pizza, Continental, Seafood, Salad"
10914,Bob's Bar,No,"Bar, Casual Dining","South Indian, Finger Food"
13630,Sky Lounge Bar - Svenska Design Hotel,Yes,"Bar, Casual Dining","North Indian, Pizza, Asian, Italian"
14066,Shandys-The Beer Cocktail Hub,No,"Bar, Casual Dining","North Indian, South Indian, Chinese, Italian"
16966,Hammered,No,"Bar, Casual Dining","North Indian, South Indian, Continental, Asian"
16970,Hangover,Yes,"Bar, Casual Dining","Asian, Continental, Finger Food"
16976,Cirkus,No,"Bar, Casual Dining","North Indian, Continental, Fast Food, Beverages, Pizza"
16985,Safe House,No,"Bar, Casual Dining","Continental, North Indian, Chinese, Finger Food"
18076,Bottle & Glass,No,"Bar, Casual Dining","Continental, Chinese, Italian"
18652,The Black Rabbit,No,"Bar, Casual Dining","Continental, Salad, Burger, Finger Food, Pizza"
18653,1131 Bar + Kitchen,No,"Bar, Casual Dining","Continental, Asian, Italian, North Indian"
18664,BTDT? Been There Done That,No,"Bar, Casual Dining","European, Continental, Asian, Finger Food"
18691,Barebones - The Balcony Bar,No,"Bar, Casual Dining","Chinese, Continental, Finger Food, Italian"
39652,3G's - Gulp & Groove,Yes,"Bar, Casual Dining","Finger Food, Continental, Chinese"
40143,Alfresco by Bene -Sheraton Grand Bangalore Hotel at...,No,"Bar, Casual Dining",Continental
40332,Jetlag,No,"Bar, Casual Dining","Finger Food, Continental, North Indian, Italian, Japanese"
40343,"R Bar - Renaissance Hotel, Bengaluru",No,"Bar, Casual Dining",Continental
40516,Bold,No,"Bar, Casual Dining","Modern Indian, Continental, North Indian"
43972,Chapter One Bar | Maiin,No,"Bar, Casual Dining","Continental, Italian, North Indian"
44164,Ujwal Restaurant,Yes,"Bar, Casual Dining","Seafood, North Indian, Chinese"
45800,Nevermind - Bar & Social,No,"Bar, Casual Dining","Continental, Asian, Modern Indian"
46090,Inntense Restobar,No,"Bar, Casual Dining","Finger Food, Continental, North Indian, Fast Food"
49255,Amruth Parkland,No,"Bar, Casual Dining","North Indian, Chinese"
51054,Uno Chicago Bar & Grill,No,"Bar, Casual Dining","American, Italian"
51089,BAR BAR,No,"Bar, Casual Dining","Continental, North Indian, Italian"
103,Floured-Baked With Love,No,"Takeaway, Delivery",Bakery
152,BOX8- Desi Meals,Yes,"Takeaway, Delivery","North Indian, Mughlai, Fast Food"
927,Easy Bites,Yes,"Takeaway, Delivery","Fast Food, Sandwich"
936,Al-Bek,Yes,"Takeaway, Delivery","Biryani, North Indian, Charcoal Chicken, Chinese, Seafood, Rolls"
944,Kitchens@JP Nagar,Yes,"Takeaway, Delivery","Biryani, Kerala, Mughlai, Street Food, North Indian, Chinese, South Indian, Andhra"
986,Biryani Durbar,Yes,"Takeaway, Delivery","Biryani, North Indian"
1031,Fish Chain,Yes,"Takeaway, Delivery","Seafood, BBQ, Biryani"
1159,Deejas Kitchen,Yes,"Takeaway, Delivery","South Indian, Kerala"
1412,Mojo Pizza - 2X Toppings,Yes,"Takeaway, Delivery",Pizza
1529,Flavorsome Bakes,No,"Takeaway, Delivery","Bakery, Desserts"
1705,Rara Avis,No,"Takeaway, Delivery","Kerala, Seafood, Biryani, Desserts"
1754,Night Panda,No,"Takeaway, Delivery","Fast Food, North Indian, Chinese"
1816,Fat Chef Biryani Wale,Yes,"Takeaway, Delivery","Biryani, North Indian"
2560,Smoke-A-Pot,Yes,"Takeaway, Delivery","Biryani, North Indian, Rolls"
3966,Feel@Home,Yes,"Takeaway, Delivery","North Indian, Chinese"
3972,Poha On Wheels,Yes,"Takeaway, Delivery",Street Food
4016,The Litti Company,Yes,"Takeaway, Delivery",Bihari
4039,Foodbell,Yes,"Takeaway, Delivery","North Indian, Chinese, Biryani"
4141,Absolute Shawarma,Yes,"Takeaway, Delivery",Lebanese
4264,ReadyBowl,Yes,"Takeaway, Delivery","Andhra, South Indian, North Indian, Biryani"
4449,Health Gourmet,Yes,"Takeaway, Delivery","Continental, American, Mediterranean, Healthy Food"
5140,Tadkawala,Yes,"Takeaway, Delivery",North Indian
5225,Bozo's Yum Yums,Yes,"Takeaway, Delivery","Fast Food, Burger, American"
5364,Eat At Nite,Yes,"Takeaway, Delivery","North Indian, Chinese, Rolls"
5568,Woodstok,Yes,"Takeaway, Delivery","Continental, Italian, Steak, American"
5572,Friends Night Kitchen,Yes,"Takeaway, Delivery","Italian, Pizza"
5636,Kadai Crust - Amma Veetu Samayal,Yes,"Takeaway, Delivery","Chettinad, South Indian, Biryani"
5668,Sugarberryz Cakery,No,"Takeaway, Delivery","Bakery, Desserts"
6814,Empire Restaurant,Yes,"Takeaway, Delivery","Kerala, Seafood, South Indian, Chinese, North Indian, Charcoal Chicken, Beverages"
7044,Delhi Kitchen,Yes,"Takeaway, Delivery",North Indian
7663,Wok Steam & Grills,Yes,"Takeaway, Delivery",Asian
8420,Truly Punjab,Yes,"Takeaway, Delivery","North Indian, Biryani"
8450,Hatti Punjab Di,Yes,"Takeaway, Delivery","North Indian, Chinese"
8471,Ghee Biryanis,Yes,"Takeaway, Delivery","Biryani, North Indian"
8564,Vegan Heat,Yes,"Takeaway, Delivery","Healthy Food, Salad"
8572,Dwaraka Krishna,Yes,"Takeaway, Delivery","North Indian, Biryani, Chinese"
8829,Sulemani Chichas,Yes,"Takeaway, Delivery","Biryani, Hyderabadi, Kebab"
8843,Maa Bhook Lagi,Yes,"Takeaway, Delivery",North Indian
9176,Oh My Biryani,Yes,"Takeaway, Delivery","Biryani, North Indian"
9233,Mid-Night Crunch,Yes,"Takeaway, Delivery","North Indian, Chinese"
9394,Biriyaniz,Yes,"Takeaway, Delivery","Biryani, North Indian, Chinese, Andhra"
9452,The Cheesecake Corner,No,"Takeaway, Delivery",Desserts
9455,Mid Night Hunting,Yes,"Takeaway, Delivery","Fast Food, Italian"
9490,Dhaba Express,Yes,"Takeaway, Delivery","Biryani, Fast Food, North Indian, Chinese"
9581,Tandoor-De-Naal,No,"Takeaway, Delivery",Fast Food
9757,BTM Bawarchi Biryani,Yes,"Takeaway, Delivery","Biryani, North Indian, Chinese"
9810,Mealsbaba,Yes,"Takeaway, Delivery",North Indian
13431,Fresh 'N' Grills,Yes,"Takeaway, Delivery","Sandwich, Salad, North Indian, Chinese"
14681,Biriyani Nights,Yes,"Takeaway, Delivery","Biryani, Kebab, Continental"
15138,Sadi's Biriyani,No,"Takeaway, Delivery",Biryani
67,Gustoes Beer House,No,Pub,"Continental, Italian, Mexican, North Indian, Chinese, Steak"
779,Soho Bar & Grill,No,Pub,"North Indian, Chinese, Thai"
863,Deja Vu Resto Bar,Yes,Pub,"North Indian, Italian"
2711,LIT Gastro Pub,Yes,Pub,"Chinese, Continental, Burger, Pizza"
3771,Xtreme Sports Bar,Yes,Pub,"Continental, Chinese, North Indian"
4805,OPUS Club,No,Pub,"Continental, Italian, North Indian, Mexican"
5640,Amber Rush Restobar,No,Pub,"Continental, Chinese, Fast Food"
5641,Bootlegger,No,Pub,"Continental, Steak"
5950,The Barn - Bar & Kitchen,No,Pub,"American, North Indian, Chinese"
5957,Guzzlers Inn,No,Pub,"North Indian, Chinese"
6121,Russh Gastropub,No,Pub,"Continental, Italian, Burger"
6200,Chugg,No,Pub,"Finger Food, Continental, Asian, North Indian"
6211,WYT RestroPub,No,Pub,"North Indian, Chinese"
6233,Downtown,No,Pub,"North Indian, Continental"
9074,The Beer Cafe,Yes,Pub,"Finger Food, Chinese, Italian, Burger"
9324,What's In A Name,Yes,Pub,"Finger Food, Asian, European, Italian"
10874,Indigo XP,No,Pub,"Finger Food, Continental, Asian, North Indian"
12623,Watson's,No,Pub,"Finger Food, Salad, Chinese, Continental"
16986,Indigo X II P,No,Pub,"Finger Food, Continental, Pizza, Asian, North Indian"
17814,Monkey Bar,Yes,Pub,"American, Asian, European, North Indian"
18666,Tippler,No,Pub,"Russian, Continental, North Indian"
18810,Blistering Barnacles,No,Pub,"Chinese, Continental, American, Steak"
24317,FireHouse - Bar & Kitchen,Yes,Pub,"Continental, American, Chinese, BBQ, Salad, Italian"
24988,Pecos Mojo,No,Pub,Finger Food
27161,1522 - The Pub,No,Pub,"Chinese, Continental, North Indian"
28428,B-hive,No,Pub,"Finger Food, North Indian"
28544,Jimi's Beer Cafe,No,Pub,"American, North Indian, Chinese"
41533,The Boozy Griffin,No,Pub,"European, Continental"
44180,B1,Yes,Pub,"Continental, Burger, Italian, Pizza, North Indian, Salad"
50368,Whitefield Social,Yes,Pub,"American, North Indian, Chinese, Finger Food, Momos"
50432,Harry's Bar + Cafe,Yes,Pub,"Asian, American, Mexican"
51052,Biere Societee,No,Pub,"Asian, Continental, European"
561,Jcubez,No,Lounge,Finger Food
1649,TGI Fridays,Yes,Lounge,"American, Burger, Italian, Steak"
3025,The Lounge - Eden Park Restaurants,No,Lounge,"North Indian, Afghani"
3754,Skylit - Citrus Hotels,No,Lounge,"North Indian, Mughlai, Mediterranean"
3775,Equinox Bar - DoubleTree Suites By Hilton,No,Lounge,"Continental, Thai, Vietnamese, American, Chinese, North Indian, Finger Food"
4861,Chez Nous - Novotel,No,Lounge,"European, French, North Indian"
5257,Church Street Social,Yes,Lounge,"American, North Indian, Chinese, Finger Food, Momos"
5286,Hoppipola,Yes,Lounge,"Continental, Mediterranean, European"
5567,The Humming Tree,Yes,Lounge,"Fast Food, European"
5963,Fusion Lounge,No,Lounge,Finger Food
6038,The 13th Floor,No,Lounge,"Asian, North Indian, Thai"
6043,Skyye,No,Lounge,Continental
6078,Sanchez,No,Lounge,"Mexican, Tex-Mex"
6108,Bang - The Ritz-Carlton,No,Lounge,Finger Food
6188,i-Bar - The Park Bangalore,No,Lounge,"North Indian, Chinese, Mediterranean"
6235,The Ritz-Carlton Bar - The Ritz-Carlton,No,Lounge,Finger Food
6238,Slounge - Lemon Tree Premier,No,Lounge,Finger Food
6247,Bar UNO - JW Marriott Bengaluru,No,Lounge,Spanish
6260,Liquid Lounge - Hyatt Centric MG Road,No,Lounge,"Finger Food, Continental, Chinese"
8285,The Flying Trapeze,No,Lounge,"North Indian, Continental, Chinese"
8287,Over The Top Terrace Lounge,No,Lounge,"Continental, North Indian"
8640,Koramangala Social,Yes,Lounge,"American, North Indian, Chinese, Finger Food"
9937,Happy Brew,No,Lounge,"Continental, American, Chinese, BBQ, Salad"
10889,Drava,No,Lounge,"Pizza, Continental, North Indian, Asian"
13074,Blue Bar - The Taj West End,No,Lounge,Continental
14098,The Terminus - The Oterra,No,Lounge,"Finger Food, Continental"
14104,Slounge - Lemon Tree Hotel,No,Lounge,Finger Food
16974,Vanilla Sky,No,Lounge,"Chinese, Continental, North Indian, Finger Food"
18726,Xtreme Sports Bar,No,Lounge,"Continental, Chinese, North Indian"
18773,Bflat Bar,No,Lounge,"North Indian, Chinese, Continental, Bengali"
18775,Bootlegger,No,Lounge,"Continental, Steak"
18785,Doff Pub and Lounge,No,Lounge,"Continental, American, Pizza, North Indian, Chinese, Finger Food, Asian, Thai"
19164,Library Bar - The Leela Palace,No,Lounge,Finger Food
28655,Black Pepper Lounge - Case de Bengaluru,No,Lounge,Finger Food
40109,The Studio Bar,No,Lounge,"Italian, American, North Indian"
40128,BluO,No,Lounge,"Continental, North Indian"
40275,Sutra - The Lalit Ashok Bangalore,No,Lounge,"Continental, Chinese"
41591,Malties - Radisson Blu,No,Lounge,"Continental, Fast Food"
51135,Bling - The Zuri,No,Lounge,"Continental, North Indian"
51164,W XYZ - Aloft Hotel,No,Lounge,Finger Food
51243,Tease Whitefield,No,Lounge,Finger Food
4818,Blue Terrain - Novotel,No,Fine Dining,"Spanish, Italian, Mediterranean"
4819,Asia Alive - DoubleTree Suites By Hilton,No,Fine Dining,"Continental, Thai, Malaysian, Burmese, Korean, Vietnamese, Chinese, North Indian"
4820,The Square - Novotel,No,Fine Dining,"Continental, North Indian, Japanese, Italian"
4981,JW Kitchen - JW Marriott Bengaluru,No,Fine Dining,"North Indian, Continental, Italian"
4983,Rim Naam - The Oberoi,No,Fine Dining,Thai
4985,Caraway Kitchen - Conrad Bengaluru,No,Fine Dining,"American, Continental, North Indian, South Indian"
4989,Cubbon Pavilion - ITC Gardenia,No,Fine Dining,"European, Continental, Chinese, Thai"
4991,Le Jardin - The Oberoi,No,Fine Dining,"European, Mediterranean, North Indian"
4996,The Market - The Ritz-Carlton,No,Fine Dining,"North Indian, European, Thai"
4997,WelcomCafe Jacaranda - WelcomHotel Bengaluru,No,Fine Dining,"Asian, Continental, North Indian"
5002,Ithaca - The Chancery Pavilion,No,Fine Dining,"North Indian, Italian, European, Continental"
5007,Monsoon - The Park Bangalore,No,Fine Dining,"Italian, North Indian"
5514,Tandoor,Yes,Fine Dining,North Indian
6044,KazÃÂÃÂÃÂÃÂÃÂÃÂÃÂÃÂ©,No,Fine Dining,"Asian, Japanese, Thai"
6048,Yauatcha,No,Fine Dining,"Chinese, Asian, Cantonese, Tea"
6055,Karavalli - The Gateway Hotel,No,Fine Dining,"Mangalorean, Konkan, Seafood, Kerala"
6085,Caperberry,No,Fine Dining,"Spanish, Italian, Mediterranean, European, Salad"
6093,Tiamo - Conrad Bengaluru,No,Fine Dining,"Italian, Mediterranean"
6104,Alba - JW Marriott Bengaluru,No,Fine Dining,Italian
6116,Salvadores,No,Fine Dining,"Mediterranean, Continental, French, Italian"
6140,Mikusu - Conrad Bengaluru,No,Fine Dining,"Japanese, Chinese, Thai"
6143,Kebabs & Kurries - ITC Gardenia,No,Fine Dining,"North Indian, Mughlai"
6150,Edo Restaurant & Bar - ITC Gardenia,No,Fine Dining,Japanese
6169,Memories of China - Taj MG Road Bengaluru,No,Fine Dining,"Chinese, Momos"
6198,Lotus Pavilion - ITC Gardenia,No,Fine Dining,Continental
6243,Polo Club - The Oberoi,No,Fine Dining,"American, North Indian, European, Tex-Mex"
6249,Szechwan Court - The Oberoi,No,Fine Dining,Chinese
6283,Ottimo - ITC Gardenia,No,Fine Dining,"Italian, Salad"
6338,Italia - The Park Bangalore,No,Fine Dining,Italian
6753,M Cafe - Bengaluru Marriott Hotel Whitefield,No,Fine Dining,"North Indian, American, Italian"
6757,Tiffin Room - Miraya Hotel & Residences,No,Fine Dining,"North Indian, South Indian, Asian"
7919,Alto Vino - Bengaluru Marriott Hotel Whitefield,No,Fine Dining,"Italian, Salad"
8005,Whitefield Bar and Grill - Bengaluru Marriott Hotel...,No,Fine Dining,"Continental, Burger, BBQ"
8291,12th Main - Grand Mercure,No,Fine Dining,"European, Asian"
11589,Mynt - The Taj West End,No,Fine Dining,"Italian, North Indian, Lebanese"
13063,Blue Ginger - The Taj West End,No,Fine Dining,Vietnamese
13071,Masala Klub - The Taj West End,No,Fine Dining,"North Indian, South Indian"
13372,24@43 - The Oterra,No,Fine Dining,"North Indian, Asian, Continental"
13373,Citrus Cafe - Lemon Tree Hotel,No,Fine Dining,"North Indian, Continental, South Indian"
13378,Soul Indian Specialty - Svenska Design Hotel,Yes,Fine Dining,"North Indian, South Indian, Asian, Italian, Continental"
14101,East- The Oterra,No,Fine Dining,"Chinese, Vietnamese, Thai, Malaysian"
14122,Alloro - The Oterra,No,Fine Dining,Italian
15616,Indian Durbar - Conrad Bengaluru,No,Fine Dining,North Indian
17549,Citrus - The Leela Palace,No,Fine Dining,"North Indian, Italian, Asian, Continental, Mediterranean"
17553,Limelight - Royal Orchid Hotel,No,Fine Dining,"Continental, North Indian"
18328,Ginseng - Royal Orchid Hotel,No,Fine Dining,"Chinese, Thai, Asian"
19121,Jamavar - The Leela Palace,No,Fine Dining,"North Indian, South Indian"
19132,Zen - The Leela Palace,No,Fine Dining,"Thai, Japanese, Chinese"
19133,Tiger Trail - Royal Orchid Hotel,No,Fine Dining,North Indian
19139,Le Cirque Signature - The Leela Palace,No,Fine Dining,"French, Italian"
7,Onesta,Yes,"Casual Dining, Cafe","Pizza, Cafe, Italian"
29,Srinathji's Cafe,No,"Casual Dining, Cafe","North Indian, Cafe, Chinese, Fast Food"
1204,Crafted Plate,Yes,"Casual Dining, Cafe","Cafe, Asian, Burger, Continental, Italian, Salad"
2505,Go Native,Yes,"Casual Dining, Cafe","Healthy Food, Cafe, Beverages"
5014,Cafe @ Elanza,No,"Casual Dining, Cafe","Chinese, North Indian, Cafe"
5043,Green Theory,Yes,"Casual Dining, Cafe","Italian, Salad, Healthy Food, Cafe, Asian, Desserts, Pizza"
5045,CafÃÂÃÂÃÂÃÂÃÂÃÂÃÂÃÂ© Felix,Yes,"Casual Dining, Cafe","American, Cafe, Continental"
5049,Cafe Mozaic - Taj MG Road Bengaluru,No,"Casual Dining, Cafe","North Indian, Italian, South Indian, Continental, Cafe, Salad"
5068,Cafe Cassia& Deli,No,"Casual Dining, Cafe","Lebanese, Mediterranean, Cafe"
5101,Berrylicious Cafe,Yes,"Casual Dining, Cafe","Continental, Cafe, Desserts, Pizza, North Indian, Chinese, Ice Cream"
5106,Infinitea Tea Room & Tea Store,Yes,"Casual Dining, Cafe","Continental, Cafe, Desserts, Salad, Momos"
6786,Enchanted Garden,Yes,"Casual Dining, Cafe","North Indian, Continental, Italian, Cafe"
7062,Boondock Bistro,Yes,"Casual Dining, Cafe","Steak, Continental, American, Italian, Salad, Cafe"
7415,Orzuv,Yes,"Casual Dining, Cafe","Kashmiri, Cafe"
7621,Beyond Elements,Yes,"Casual Dining, Cafe","Cafe, Italian, Pizza, North Indian"
8336,Dice N Dine,Yes,"Casual Dining, Cafe","Continental, Cafe, Italian, Fast Food, Steak"
15808,Blk Plus Wht,No,"Casual Dining, Cafe","Asian, Thai, North Indian"
17597,Grubhouse,Yes,"Casual Dining, Cafe","Continental, Cafe, Steak"
23872,Fragrant Kitchen,No,"Casual Dining, Cafe","North Indian, Chinese, Cafe, Desserts"
37738,CafÃÂÃÂÃÂÃÂÃÂÃÂÃÂÃÂÃÂÃÂÃÂÃÂÃÂÃÂÃÂÃÂ© Felix,Yes,"Casual Dining, Cafe","American, Cafe, Continental"
38254,CafÃÂÃÂÃÂÃÂÃÂÃÂÃÂÃÂÃÂÃÂÃÂÃÂÃÂÃÂÃÂÃÂÃÂÃÂÃÂÃÂÃÂÃÂÃÂÃÂÃÂÃÂÃÂÃÂÃÂÃÂÃÂÃÂ© Felix,Yes,"Casual Dining, Cafe","American, Cafe, Continental"
39655,Peppermill Bistro,Yes,"Casual Dining, Cafe","Continental, European, Mediterranean, Cafe, Steak"
46158,Cafe Mamma Mia,No,"Casual Dining, Cafe","Continental, Italian, Cafe, Beverages, Desserts"
50106,Cafe Palmyra,No,"Casual Dining, Cafe","Chinese, North Indian, Continental, Cafe"
375,Salut,Yes,"Pub, Casual Dining","Continental, Finger Food, Seafood, Pizza"
1069,Stories,Yes,"Pub, Casual Dining","American, Chinese, Continental, North Indian"
4081,Foxtrot,Yes,"Pub, Casual Dining","North Indian, Chinese, Continental, Momos"
5956,Pecos Classic,No,"Pub, Casual Dining",Finger Food
6063,The Bar Stock Exchange,No,"Pub, Casual Dining","Continental, Chinese, North Indian, Finger Food"
6118,Bangalore Pub Exchange,No,"Pub, Casual Dining","Continental, Finger Food, Pizza, North Indian"
7076,Sherlock's Pub,Yes,"Pub, Casual Dining","Continental, North Indian, Chinese"
7131,Oliver's Pub & Diner,Yes,"Pub, Casual Dining","Finger Food, American, Continental, Burger, Pizza"
7756,Gilly's Restobar,No,"Pub, Casual Dining","Continental, Finger Food, North Indian, Chinese"
13368,Fire Station,No,"Pub, Casual Dining","Continental, Mexican, Burger, Desserts, Italian, Pizza, North Indian, Chinese"
18647,Arena - Artisanal Brewkitchen,No,"Pub, Casual Dining","Sushi, Continental, Pizza, Italian, Asian"
18732,Pecos Stones,No,"Pub, Casual Dining",Finger Food
18791,Regulars Pub & Grub,No,"Pub, Casual Dining","Continental, South Indian, Mangalorean, Chinese, North Indian, Seafood"
21744,The Underpass Pub & Grub,No,"Pub, Casual Dining","Finger Food, Continental, North Indian, Chinese"
24108,The Local,Yes,"Pub, Casual Dining","Finger Food, Continental, Italian, Salad"
28476,The Local - Terrace Drinkery,No,"Pub, Casual Dining","Continental, American, Pizza, BBQ"
28525,Gorilla Barfare,No,"Pub, Casual Dining","Continental, Pizza, Burger"
28622,The Local - Burger Bar,No,"Pub, Casual Dining","American, Pizza, Burger"
38639,SkyDeck By Sherlock's,No,"Pub, Casual Dining","Continental, Chinese, Finger Food, North Indian"
40504,ANTIGRAVITY,No,"Pub, Casual Dining","Continental, North Indian, Chinese, BBQ"
41546,Output Bengaluru,No,"Pub, Casual Dining","North Indian, Continental"
41556,Dive,No,"Pub, Casual Dining","Continental, Finger Food"
42841,Copacabana Pub,Yes,"Pub, Casual Dining","Mexican, Italian, Fast Food, North Indian"
43496,By Chance,No,"Pub, Casual Dining","North Indian, Continental, Chinese, Italian"
46902,Sloshed,No,"Pub, Casual Dining","Arabian, Chinese, Continental, North Indian, Finger Food"
886,WAFL,Yes,Food Court,"Cafe, Fast Food, Desserts, Beverages"
971,Hind Ka Chulah,Yes,Food Court,"North Indian, Biryani"
1315,Intalia,Yes,Food Court,"Pizza, Italian"
1404,The Chocolate Room,Yes,Food Court,"Cafe, Desserts"
1433,Smoke - The Sizzler House,Yes,Food Court,"Continental, Chinese, Thai, Italian, BBQ, Steak"
1563,Kailash Parbat,No,Food Court,"North Indian, Street Food"
2075,Green Onion,No,Food Court,Chinese
4226,Burrito Boys,No,Food Court,"Mexican, Tex-Mex"
4328,Spice Of Kolkata,No,Food Court,"Bengali, Rolls, Chinese"
5181,XO Belgian Waffle,Yes,Food Court,"Desserts, Beverages"
5258,Mad Over Donuts,Yes,Food Court,"Bakery, Desserts, Beverages"
6035,Burger King,Yes,Food Court,"Burger, Fast Food, Beverages"
7016,KFC,Yes,Food Court,"Burger, Fast Food"
7081,Nagas,Yes,Food Court,"Andhra, South Indian, Hyderabadi"
7119,Biryani Kitchen,Yes,Food Court,Biryani
7374,Andhra Ruchulu,Yes,Food Court,"Andhra, North Indian, Chinese, Biryani"
7427,Hottey Smokey,Yes,Food Court,"Continental, Fast Food"
7502,The Wok,Yes,Food Court,"Chinese, Momos"
7513,Indian Tadka,Yes,Food Court,North Indian
7516,Sbarro,Yes,Food Court,Pizza
7623,Mr Manchurian,Yes,Food Court,"Chinese, Momos"
7863,Treat,No,Food Court,North Indian
11223,Shiv Sagar,No,Food Court,"Chinese, North Indian, Fast Food, Street Food"
11329,Malabar Coastal Cuisine,No,Food Court,Kerala
13472,Kaaram,Yes,Food Court,"Andhra, Biryani"
13650,Petoo,Yes,Food Court,"North Indian, Fast Food, Street Food"
14358,WOW! Momo,Yes,Food Court,"Tibetan, Momos"
14915,Waffle Stories,Yes,Food Court,"Desserts, Beverages"
15271,Upsouth,Yes,Food Court,South Indian
24003,Wangs Kitchen,Yes,Food Court,Chinese
28850,FNC Seafood,No,Food Court,"Seafood, Fast Food"
36666,Beijing Bites,No,Food Court,"Chinese, Thai"
39575,Hotel Halli Nenapu,Yes,Food Court,South Indian
39656,Dhadoom,Yes,Food Court,"North Indian, Street Food, Pizza, Burger, Sandwich"
39762,California Burrito,No,Food Court,"Mexican, Fast Food"
39860,Currylicious,No,Food Court,"South Indian, Mangalorean, Kerala"
40039,Oh So Stoned!,No,Food Court,"Beverages, Desserts"
40196,Sukh Sagar Express,Yes,Food Court,"North Indian, Chinese, Fast Food, Street Food"
40221,Marhaba,Yes,Food Court,"North Indian, Lebanese, Rolls"
50165,Corner House Ice Cream,Yes,Food Court,"Ice Cream, Desserts"
50314,Keventers,Yes,Food Court,"Beverages, Desserts, Ice Cream"
50437,Purani Dehli,Yes,Food Court,"North Indian, Street Food"
51360,Squeez Juice Bar,No,Food Court,"Juices, Fast Food"
51370,Nalaas Aapakadai,No,Food Court,"South Indian, Chettinad"
51391,Naga's,Yes,Food Court,"Andhra, Hyderabadi, Biryani"
51414,Bao & Grills,Yes,Food Court,"Chinese, Asian"
51519,Tuk-Tuk,No,Food Court,North Indian
51620,Fujian Express,Yes,Food Court,"Thai, Chinese, Momos"
2,San Churro Cafe,Yes,"Cafe, Casual Dining","Cafe, Mexican, Italian"
2495,Tea Villa Cafe,No,"Cafe, Casual Dining","Cafe, Continental, Mediterranean, Italian, Desserts"
2529,Cuppa,No,"Cafe, Casual Dining","Cafe, Fast Food"
4163,Brimstone Cafe,Yes,"Cafe, Casual Dining","Cafe, Continental, Salad, Italian"
4209,Cafe Mondo,Yes,"Cafe, Casual Dining","Cafe, Italian, Pizza, Chinese"
5054,Little Green Cafe,No,"Cafe, Casual Dining","Cafe, Healthy Food, Salad, Continental, Beverages, Italian, Sandwich"
5060,Urban Solace - CafÃÂÃÂÃÂÃÂÃÂÃÂÃÂÃÂ© for the Soul,Yes,"Cafe, Casual Dining","Cafe, American, Continental, Steak"
5064,Cafe Imroze,Yes,"Cafe, Casual Dining","Cafe, Burger, Italian, Fast Food"
5298,Ciclo Cafe,Yes,"Cafe, Casual Dining","Cafe, Italian, American"
8330,Truffles,No,"Cafe, Casual Dining","Cafe, American, Burger, Steak"
8883,Terra Bites,Yes,"Cafe, Casual Dining","Cafe, Italian, Continental"
9461,Sunny Cafe & Kitchen,Yes,"Cafe, Casual Dining","Cafe, Continental, Beverages, Desserts"
10882,ECHOES Koramangala,No,"Cafe, Casual Dining","Chinese, American, Continental, Italian, North Indian"
17533,Cafe Max,No,"Cafe, Casual Dining","Cafe, Continental, Italian, German, French, Spanish"
17589,Tea Brew,Yes,"Cafe, Casual Dining","Cafe, Continental, Momos, Italian, North Indian"
17607,Crisp Cafe,No,"Cafe, Casual Dining","Salad, Cafe, Continental, Steak, Italian, Burger, Desserts, Pizza"
38128,Urban Solace - CafÃÂÃÂÃÂÃÂÃÂÃÂÃÂÃÂÃÂÃÂÃÂÃÂÃÂÃÂÃÂÃÂÃÂÃÂÃÂÃÂÃÂÃÂÃÂÃÂÃÂÃÂÃÂÃÂÃÂÃÂÃÂÃÂ© for the Soul,Yes,"Cafe, Casual Dining","Cafe, American, Continental, Steak"
42245,Urban Solace - CafÃÂÃÂÃÂÃÂÃÂÃÂÃÂÃÂÃÂÃÂÃÂÃÂÃÂÃÂÃÂÃÂ© for the Soul,Yes,"Cafe, Casual Dining","Cafe, American, Continental, Steak"
43989,THE BEL ST.,No,"Cafe, Casual Dining","Cafe, Italian, American, Continental"
407,Amande Patisserie,Yes,Bakery,"Bakery, French, Desserts"
1445,Bread Crumbs Bakery,No,Bakery,"Desserts, Bakery"
1504,Bake Addiction,Yes,Bakery,"Bakery, Desserts"
1833,Amma's Pastries,No,Bakery,Bakery
3179,V B Bakery,No,Bakery,Bakery
4154,Carlos Cake Cafe,Yes,Bakery,"Bakery, Desserts"
4195,Soul Treat,Yes,Bakery,"Bakery, Desserts, Healthy Food"
4545,Warm Oven,Yes,Bakery,"Bakery, Desserts"
5215,Atty's Bakery,Yes,Bakery,Bakery
7067,Cakesta,Yes,Bakery,"Bakery, Desserts"
7676,Chef Baker's,Yes,Bakery,Bakery
7709,Little Black Choux,No,Bakery,Bakery
8535,Cakewala,Yes,Bakery,"Bakery, Desserts"
8585,Occasions,Yes,Bakery,"Bakery, Desserts"
8776,Bakingo,Yes,Bakery,"Bakery, Desserts"
8919,Kwality Cakes N Bakes,Yes,Bakery,"Bakery, Desserts"
8962,Just Bake,Yes,Bakery,"Bakery, Desserts"
9408,More Than Chocolates,No,Bakery,Bakery
10209,CakeZone,No,Bakery,"Bakery, Desserts"
10216,Sweet Truth,Yes,Bakery,"Bakery, Desserts"
13644,Flying Cakes,Yes,Bakery,"Bakery, Desserts"
14755,Karachi Bakery,Yes,Bakery,Bakery
15103,Patisserie Nitash,No,Bakery,Bakery
15116,The Sugar Fairy,No,Bakery,"Bakery, Desserts"
15140,Leia Soul Food,No,Bakery,Bakery
15167,The Gluten Free Baking Co.,No,Bakery,Bakery
15309,Albert Bakery,No,Bakery,"Bakery, Fast Food"
16413,Cake Cafe,Yes,Bakery,"Bakery, Desserts"
16515,Cake Dilim,Yes,Bakery,"Bakery, Desserts"
16875,L J Iyengar Bakery,No,Bakery,Bakery
22456,Multi Cakes,No,Bakery,"Bakery, Desserts"
26668,Cake Box,Yes,Bakery,"Bakery, Desserts"
40008,Bun World,No,Bakery,"Bakery, Fast Food"
40068,O.G. Variar & Sons,No,Bakery,"Bakery, Desserts"
41266,Strawbees,Yes,Bakery,"Bakery, Desserts"
50162,Juice Berg,Yes,Bakery,"Bakery, Desserts"
50451,Lemon Krust,Yes,Bakery,"Bakery, Fast Food"
3795,Stoner,Yes,"Dessert Parlor, Cafe","Ice Cream, Cafe, Pizza, Burger, Desserts, Beverages"
5058,Lakeview Milkbar,No,"Dessert Parlor, Cafe","Desserts, Cafe, Fast Food"
5244,Mama Mia!,Yes,"Dessert Parlor, Cafe","Desserts, Cafe"
8348,99 Pancakes,Yes,"Dessert Parlor, Cafe","Desserts, Cafe"
8360,Smoor,Yes,"Dessert Parlor, Cafe","Desserts, Cafe, Beverages"
17585,Spoonful Of Sugar,No,"Dessert Parlor, Cafe","Desserts, Bakery, Cafe"
17636,The Chocolate Heaven,Yes,"Dessert Parlor, Cafe","Desserts, Cafe, Italian, Beverages"
81,Frozen Bottle,Yes,Beverage Shop,"Beverages, Desserts, Ice Cream"
167,Lassi Corner,Yes,Beverage Shop,"Beverages, Ice Cream"
181,Shakes Theory,Yes,Beverage Shop,"Beverages, Sandwich"
226,Karma Kaapi,Yes,Beverage Shop,"Beverages, Tea"
335,Chai Kraft,Yes,Beverage Shop,"Beverages, Tea"
1278,Shake It Off,Yes,Beverage Shop,"Beverages, Fast Food"
2735,Sreeraj Lassi Bar,Yes,Beverage Shop,"Beverages, Desserts"
3229,Cool Joint,No,Beverage Shop,"Beverages, Desserts"
5119,Sri Ganesh Juice Junction,Yes,Beverage Shop,"Beverages, Juices, Fast Food"
6673,Juicy,No,Beverage Shop,"Beverages, Juices, Fast Food"
7117,Bobacha,Yes,Beverage Shop,"Beverages, Bubble Tea, Tea"
8623,Makers of Milkshakes,Yes,Beverage Shop,Beverages
9980,The ThickShake Factory,No,Beverage Shop,"Beverages, Juices"
10297,Lassi Shop,Yes,Beverage Shop,"Beverages, Ice Cream"
10758,Pout,No,Beverage Shop,Beverages
13413,Lassi Adda,Yes,Beverage Shop,"Beverages, Sandwich, Fast Food"
17807,Sabari Juice Junction,Yes,Beverage Shop,"Beverages, Sandwich"
24118,Breezy Cow Bar,Yes,Beverage Shop,Beverages
27862,Juicemaker,No,Beverage Shop,"Beverages, Fast Food"
39617,Patiala Lassi,Yes,Beverage Shop,Beverages
40248,Empire Juice Shop,No,Beverage Shop,Juices
40633,Chai Point,Yes,Beverage Shop,"Fast Food, Beverages"
50239,Arogya Thaana,Yes,Beverage Shop,"Beverages, Sandwich"
418,Chai Point,Yes,"Beverage Shop, Quick Bites","Tea, Beverages, Fast Food"
1308,Drunken Monkey,Yes,"Beverage Shop, Quick Bites","Beverages, Fast Food"
2782,Shake It Off,Yes,"Beverage Shop, Quick Bites","Beverages, Fast Food"
6670,Haji Ali Juice Centre,Yes,"Beverage Shop, Quick Bites","Beverages, Fast Food, Desserts"
6916,Lassi Corner,Yes,"Beverage Shop, Quick Bites","Beverages, Sandwich"
7129,Masala Chai,Yes,"Beverage Shop, Quick Bites","Beverages, Fast Food, Tea"
8532,ONE IN A MELON,Yes,"Beverage Shop, Quick Bites","Juices, Healthy Food"
8580,ReFresh Juice Junction,Yes,"Beverage Shop, Quick Bites","Juices, Fast Food"
8738,Juice Junction,Yes,"Beverage Shop, Quick Bites","Juices, Fast Food"
9043,Juice Junction Food Court,Yes,"Beverage Shop, Quick Bites","Beverages, Juices, Fast Food"
13423,Lassi Resto Cafe,Yes,"Beverage Shop, Quick Bites","Beverages, Fast Food"
15837,Chaai Resto,Yes,"Beverage Shop, Quick Bites","Tea, Beverages, Fast Food"
18201,Frootality,No,"Beverage Shop, Quick Bites","Healthy Food, Beverages"
44048,Lassi Shop,Yes,"Beverage Shop, Quick Bites","Beverages, Juices, Ice Cream, Fast Food"
476,Brew Meister,Yes,"Microbrewery, Casual Dining","North Indian, Continental, Finger Food, American, Asian"
2239,Brahma Brews,No,"Microbrewery, Casual Dining","Continental, South Indian, Finger Food, Pizza, Seafood"
2240,Levitate Brewery and Kitchen,No,"Microbrewery, Casual Dining","Finger Food, North Indian, Continental"
3950,La Casa Brewery And Kitchen,Yes,"Microbrewery, Casual Dining","Finger Food, Continental, Seafood"
4390,THE RIG,No,"Microbrewery, Casual Dining","Continental, Finger Food, Pizza"
5834,Alchemy - The Chancery Pavilion,No,"Microbrewery, Casual Dining",Modern Indian
5947,ShakesBierre,No,"Microbrewery, Casual Dining","Asian, Continental, European, North Indian"
6041,Communiti,No,"Microbrewery, Casual Dining","Continental, BBQ, Salad"
8269,XOOX Brewmill,No,"Microbrewery, Casual Dining","Modern Indian, European, Asian"
10890,The Terrace at Gilly's Redefined,No,"Microbrewery, Casual Dining","Continental, Finger Food, Asian, North Indian"
10893,Simon Says Brew Works,No,"Microbrewery, Casual Dining","Continental, American, Italian, Modern Indian, Pizza, Burger"
23457,The Yellow Submarine,No,"Microbrewery, Casual Dining","Continental, North Indian, Chinese, Pizza, Thai"
24239,Brewklyn Microbrewery,Yes,"Microbrewery, Casual Dining","American, South Indian, Thai, Pizza, Italian"
24248,Float Brewery,No,"Microbrewery, Casual Dining",European
24688,Wanderers,No,"Microbrewery, Casual Dining","Continental, North Indian, South Indian, Italian"
28149,The Bier Library,Yes,"Microbrewery, Casual Dining","Continental, North Indian, Pizza, BBQ"
44071,The Druid Garden,Yes,"Microbrewery, Casual Dining","Asian, Continental, European, North Indian, Mediterranean"
890,Cafe Arabica,No,"Cafe, Bakery","Cafe, Bakery"
1282,Bun Town,Yes,"Cafe, Bakery","Cafe, Bakery"
5067,Happy Belly Bakes,Yes,"Cafe, Bakery","Cafe, Bakery"
5070,The Blackboard Bakery,No,"Cafe, Bakery","Cafe, Bakery, Continental"
5224,Marzipan Cafe & Bakery,Yes,"Cafe, Bakery","Cafe, Mediterranean, Bakery, Greek, Beverages"
5371,Chantilly,Yes,"Cafe, Bakery","Cafe, Bakery"
6775,Breads and Banter,No,"Cafe, Bakery","Cafe, Bakery, Fast Food"
13399,Entree cafe,Yes,"Cafe, Bakery","Cafe, Bakery, Desserts"
15819,The Chocolate Room,Yes,"Cafe, Bakery","Cafe, Bakery, Fast Food, Desserts"
17561,Lazy Suzy,Yes,"Cafe, Bakery","Cafe, Continental, Beverages, Burger, Desserts, Pizza, Bakery, European"
19445,Skyline Pizzeria,No,"Cafe, Bakery","Cafe, Bakery, Italian"
39445,Aubree,Yes,"Cafe, Bakery","Cafe, Bakery"
1398,Churchill's,Yes,"Casual Dining, Pub","North Indian, Continental"
1682,Bottle Breacher,No,"Casual Dining, Pub","Italian, Continental"
4119,Tapout Tavern,Yes,"Casual Dining, Pub","American, Asian, Continental, North Indian, South Indian, Chinese"
4142,The Irish House,Yes,"Casual Dining, Pub","European, American"
5954,Plan B,No,"Casual Dining, Pub","American, Continental, BBQ, Steak"
6148,Smaaash,No,"Casual Dining, Pub","North Indian, Pizza, Chinese"
8635,Beer Adda,Yes,"Casual Dining, Pub","North Indian, Chinese, Pizza"
10891,The Boozy Griffin,No,"Casual Dining, Pub","European, Continental"
15087,Dolphin Bar,No,"Casual Dining, Pub","Chinese, Finger Food, North Indian, Seafood"
24036,Casa De Goa,Yes,"Casual Dining, Pub","Goan, Mangalorean"
28067,Hello Resto-Pub,Yes,"Casual Dining, Pub",Continental
3787,Delitz Creamvilla Cafe,Yes,"Cafe, Dessert Parlor","Cafe, Desserts, Ice Cream"
5104,Dolci Desserts,Yes,"Cafe, Dessert Parlor","Cafe, Desserts"
6785,Bloomsbury's Global Kitchen & Bakehouse,Yes,"Cafe, Dessert Parlor","American, Cafe, Continental, French, Burger, Mexican, Desserts, Pizza"
8333,Sixth Avenue Cafe And Patisserie,No,"Cafe, Dessert Parlor","Cafe, Italian, Desserts"
8341,Lot Like Crepes,Yes,"Cafe, Dessert Parlor","Cafe, Desserts, Continental"
13401,Magic Oven,No,"Cafe, Dessert Parlor","Cafe, Desserts"
15805,Amour Fine Patisserie,Yes,"Cafe, Dessert Parlor","Cafe, Desserts, Continental"
17563,Lavonne,No,"Cafe, Dessert Parlor","Cafe, Desserts"
17615,Melting Spot,No,"Cafe, Dessert Parlor","Cafe, Desserts, Beverages, Italian"
37793,The Culinarium,No,"Cafe, Dessert Parlor","Cafe, Desserts, Beverages"
39433,Smoor,Yes,"Cafe, Dessert Parlor","Desserts, Cafe, Continental"
48865,Creamvilla,Yes,"Cafe, Dessert Parlor","Cafe, Desserts, Ice Cream"
408,Anand Sweets and Savouries,Yes,Sweet Shop,"Mithai, Street Food"
495,Poonam Sweets,No,Sweet Shop,Mithai
1072,Kanti Sweets,Yes,Sweet Shop,"Mithai, Street Food"
4029,Rusbury Fresh Sweets And Savouries,Yes,Sweet Shop,"Mithai, Street Food"
5310,Tewari Bros Mithai Shoppie,Yes,Sweet Shop,"Fast Food, Mithai"
8466,Anand Sweets And Savouries,Yes,Sweet Shop,"Mithai, Street Food"
8520,Sangam Sweets,Yes,Sweet Shop,"Mithai, Street Food"
8620,Taaza Mithai,Yes,Sweet Shop,"Mithai, Street Food"
9148,Uday Sweets,Yes,Sweet Shop,"Mithai, Fast Food"
18411,Kanti's,No,Sweet Shop,"Mithai, Street Food"
39587,Asha Sweets Centre,Yes,Sweet Shop,"Mithai, Street Food"
39852,Shree Mahalakshmi Sweets,Yes,Sweet Shop,"Mithai, Street Food"
44224,Bikaner Sweets,Yes,Sweet Shop,"Mithai, Street Food"
